9999 УБА,TOYOTA Land Cruiser 70,2013
9999 УББ,TOYOTA Prius,2011
9999 УБВ,TOYOTA Land Cruiser 200,2013
9999 УБГ,LEXUS LX570,2011
9999 УБД,MERCEDES BENZ G500,2015
9999 УБЕ,TOYOTA Land Cruiser 200,2015
9999 УБЗ,MERCEDES BENZ G400,2004
9999 УБИ,LEXUS LX470,2006
9999 УБК,LANDROVER RANGEROVER,2011
9999 УБЛ,LANDROVER RANGEROVER,2007
9999 УБМ,TOYOTA Highlander,2013
9999 УБН,MERCEDES BENZ G63,2015
9999 УБО,MERCEDES BENZ G63,2016
9999 УБӨ,BENTLEY CONTINENTAL,2011
9999 УБП,LEXUS RX 350,2017
9999 УБР,TOYOTA Land Cruiser 200,2016
9999 УБС,TOYOTA Land Cruiser 200,2008
9999 УБТ,MERCEDES BENZ G500,2015
9999 УБУ,TOYOTA Land Cruiser 100,2003
9999 УБҮ,MERCEDES BENZ G500,2013
9999 УБЦ,TOYOTA Highlander,2008
9999 УБЧ,TOYOTA Land Cruiser 200,2015
9999 УБЭ,MERCEDES BENZ S350,2010
9999 УБЯ,MERCEDES BENZ G63,2013
9999 УНА,LEXUS LX570,2014
9999 УНБ,LANDROVER RANGEROVER,2011
9999 УНВ,LEXUS RX 350,2013
9999 УНГ,TOYOTA Land Cruiser 200,2012
9999 УНД,LANDROVER RANGEROVER,2014
9999 УНЕ,TOYOTA Land Cruiser 200,2009
9999 УНЗ,TOYOTA Land Cruiser 200,2017
9999 УНИ,TOYOTA Land Cruiser 200,2015
9999 УНК,LEXUS LX570,2014
9999 УНЛ,HUMMER H2,2006
9999 УНМ,LANDROVER RANGEROVER,2012
9999 УНН,ROLLSROYCE WRAITH,2014
9999 УНО,MERCEDES BENZ G63,2013
9999 УНӨ,MERCEDES BENZ G500,2016
9999 УНП,LEXUS LX570,2016
9999 УНР,LEXUS LX570,2013
9999 УНС,TOYOTA Land Cruiser 200,2012
9999 УНТ,LEXUS GS450H,2008
9999 УНУ,MERCEDES BENZ G500,2016
9999 УНҮ,LEXUS LX570,2013
9999 УНЦ,LEXUS LS600,2008
9999 УНЧ,MAYBACH 57-S,2009
9999 УНЭ,MERCEDES BENZ G63,2012
9999 УНЯ,LEXUS LX570,2011
8888 УБА,NISSAN 370Z,2011
8888 УББ,TOYOTA Alphard,2006
8888 УБВ,MERCEDES BENZ S350,2006
8888 УБГ,TOYOTA Camry,2010
8888 УБД,TOYOTA Land Cruiser 200,2007
8888 УБЕ,MERCEDES BENZ G500,2012
8888 УБЗ,MERCEDES BENZ G500,2015
8888 УБИ,TOYOTA Land Cruiser 100,2006
8888 УБК,TOYOTA Land Cruiser 100,1998
8888 УБЛ,LEXUS LX570,2016
8888 УБМ,LEXUS LX570,2009
8888 УБН,BENTLEY CONTINENTAL,2006
8888 УБО,BMW 740,2010
8888 УБӨ,LEXUS LX470,2006
8888 УБП,MERCEDES BENZ G63,2015
8888 УБР,LEXUS LX470,2004
8888 УБС,LEXUS LX570,2013
8888 УБТ,TOYOTA Land Cruiser 200,2010
8888 УБУ,PORSCHE PANAMERA,2010
8888 УБҮ,LEXUS LX570,2016
8888 УБЦ,TOYOTA Harrier,2005
8888 УБЧ,MERCEDES BENZ S350,2009
8888 УБЭ,LEXUS LX570,2008
8888 УБЯ,LEXUS LX570,2016
8888 УНА,BMW 320,2008
8888 УНБ,HUMMER H2,2004
8888 УНВ,LEXUS LX570,2008
8888 УНГ,LANDROVER RANGEROVER-VOGUE,2013
8888 УНД,LEXUS LX570,2018
8888 УНЕ,LANDROVER RANGEROVER-EVOQUE,2017
8888 УНЗ,LEXUS LX570,2008
8888 УНИ,TOYOTA Camry,2003
8888 УНК,MERCEDES BENZ G500,2012
8888 УНЛ,LEXUS RX400H,2006
8888 УНМ,LANDROVER DISCOVERY,2011
8888 УНН,LEXUS 450D,2015
8888 УНО,MERCEDES BENZ G63,2013
8888 УНӨ,MERCEDES BENZ G55,2011
8888 УНП,LEXUS LX570,2014
8888 УНР,BMW X5,2012
8888 УНС,LEXUS LX470,1998
8888 УНТ,LEXUS LX570,2011
8888 УНУ,LEXUS LX570,2011
8888 УНҮ,LEXUS LX570,2011
8888 УНЦ,LEXUS 450D,2016
8888 УНЧ,LEXUS LX570,2017
8888 УНЭ,LEXUS NX200,2015
8888 УНЯ,LEXUS LX570,2008
7777 УБА,TOYOTA Land Cruiser 200,2014
7777 УББ,FORD F-150,2017
7777 УБВ,TOYOTA Crown,2011
7777 УБГ,LEXUS LX470,2003
7777 УБД,LANDROVER RANGEROVER,2008
7777 УБЕ,BMW X6,2008
7777 УБЗ,LEXUS LX570,2016
7777 УБИ,MERCEDES BENZ G550,2011
7777 УБК,MERCEDES BENZ G63,2013
7777 УБЛ,MERCEDES BENZ G500,2015
7777 УБМ,MERCEDES BENZ S500L,2013
7777 УБН,TOYOTA Alphard,2010
7777 УБО,MERCEDES BENZ G500,2017
7777 УБӨ,TOYOTA Land Cruiser 200,2015
7777 УБП,HUMMER H2,2008
7777 УБР,LANDROVER RANGEROVER-VOGUE,2013
7777 УБС,HYUNDAI Starex,2003
7777 УБТ,MERCEDES BENZ G63,2017
7777 УБУ,MERCEDES BENZ G500,2012
7777 УБҮ,MERCEDES BENZ G500,2012
7777 УБЦ,HUMMER H2,2004
7777 УБЧ,BENTLEY CONTINENTAL,2012
7777 УБЭ,MERCEDES BENZ S550,2015
7777 УБЯ,TOYOTA Prius,2010
7777 УНА,CHEVROLET CAPTIVA,2008
7777 УНБ,CHEVROLET Tahoe,2012
7777 УНГ,MERCEDES BENZ G500,2008
7777 УНД,TOYOTA Land Cruiser 200,2016
7777 УНЕ,TOYOTA Land Cruiser 80,1995
7777 УНЗ,LEXUS LX570,2015
7777 УНИ,LANDROVER RANGEROVER-EVOQUE,2011
7777 УНК,LEXUS LX570,2010
7777 УНЛ,FORD F-150,2013
7777 УНМ,MERCEDES BENZ G63,2013
7777 УНН,INFINITI FX35,2009
7777 УНО,MAZDA Titan,1991
7777 УНӨ,MERCEDES BENZ G500,2007
7777 УНП,TOYOTA Land Cruiser 200,2011
7777 УНР,TOYOTA Land Cruiser 200,2011
7777 УНС,TOYOTA Land Cruiser 200,2011
7777 УНТ,MERCEDES BENZ G500,2016
7777 УНУ,MERCEDES BENZ G63,2013
7777 УНҮ,UAZ 31512,2002
7777 УНЦ,LEXUS LX570,2015
7777 УНЧ,LANDROVER RANGEROVER,2012
7777 УНЭ,LANDROVER RANGEROVER,2013
7777 УНЯ,FORD F-150,2017
6666 УБА,TOYOTA Harrier,2006
6666 УББ,LEXUS LX570,2013
6666 УБВ,HYUNDAI Grandeur,2015
6666 УБГ,LEXUS LX570,2008
6666 УБД,TOYOTA Land Cruiser 150 Prado,2011
6666 УБЕ,HUMMER H1,1997
6666 УБЗ,TOYOTA Land Cruiser 200,2011
6666 УБИ,MERCEDES BENZ G500,2012
6666 УБК,HUMMER H3,2006
6666 УБЛ,LEXUS RX,2007
6666 УБМ,TOYOTA Land Cruiser Prado,2004
6666 УБН,TOYOTA Highlander,2011
6666 УБО,TOYOTA Land Cruiser 100,2005
6666 УБӨ,HUMMER H2,2008
6666 УБП,HUMMER H2,2008
6666 УБР,TOYOTA Land Cruiser 200,2016
6666 УБС,TOYOTA Land Cruiser 70,2011
6666 УБТ,LEXUS LX570,2010
6666 УБУ,HYUNDAI Starex,2003
6666 УБҮ,TOYOTA Land Cruiser 200,2008
6666 УБЦ,LANDROVER DISCOVERY,1997
6666 УБЧ,HUMMER H2,2008
6666 УБЭ,NISSAN ARMADA,2004
6666 УБЯ,KIA Sportage,2012
6666 УНА,LEXUS LX570,2017
6666 УНБ,MITSUBISHI Delica Spacegear,1989
6666 УНВ,NISSAN Rogue,2016
6666 УНГ,PORSCHE CAYENNE,2004
6666 УНД,TOYOTA Mark II,2003
6666 УНЕ,TOYOTA Alphard,2008
6666 УНЗ,LANDROVER RANGEROVER,2011
6666 УНИ,TOYOTA Land Cruiser 200,2013
6666 УНК,AUDI Q5,2011
6666 УНЛ,JEEP GRANDCHEROKEE,2011
6666 УНМ,FORD TRANSIT,2015
6666 УНО,BMW 750LI,2011
6666 УНӨ,LEXUS LX570,2014
6666 УНП,HUMMER H2,2006
6666 УНР,LEXUS LX570,2017
6666 УНС,TOYOTA Land Cruiser 200,2010
6666 УНТ,INFINITI QX56,2011
6666 УНУ,MERCEDES BENZ SPRINTER,2010
6666 УНҮ,LEXUS LX570,2010
6666 УНЦ,FORD Expedition,1999
6666 УНЧ,MERCEDES BENZ G63,2013
6666 УНЭ,LEXUS LX570,2014
6666 УНЯ,FORD FOCUS,2010
5555 УБА,MERCEDES BENZ C180,2008
5555 УББ,MERCEDES BENZ G63,2017
5555 УБВ,TOYOTA Sienna,2015
5555 УБГ,TOYOTA Land Cruiser 200,2015
5555 УБД,HUMMER H2,2008
5555 УБЕ,LANDROVER RANGEROVER-VOGUE,2013
5555 УБЗ,LEXUS LX570,2014
5555 УБИ,MERCEDES BENZ G63,2013
5555 УБК,MERCEDES BENZ G500,2010
5555 УБЛ,NISSAN JUKE,2016
5555 УБН,LANDROVER RANGEROVER,2015
5555 УБО,LEXUS LX570,2012
5555 УБӨ,TOYOTA Land Cruiser 200,2012
5555 УБП,MERCEDES BENZ GL500,2007
5555 УБР,LANDROVER RANGEROVER,2012
5555 УБС,TOYOTA Land Cruiser 200,2017
5555 УБТ,MERCEDES BENZ S400,2015
5555 УБУ,LEXUS LX570,2011
5555 УБҮ,LEXUS LX570,2017
5555 УБЦ,LEXUS LX570,2017
5555 УБЧ,TOYOTA Land Cruiser 200,2010
5555 УБЭ,TOYOTA Land Cruiser 200,2016
5555 УБЯ,LANDROVER RANGEROVER-EVOQUE,2013
5555 УНА,LEXUS LX570,2011
5555 УНБ,LEXUS LX570,2017
5555 УНВ,LEXUS LX570,2011
5555 УНГ,LEXUS LX570,2012
5555 УНД,LEXUS LX570,2011
5555 УНЕ,LEXUS RX 350,2010
5555 УНЗ,MERCEDES BENZ E300,2010
5555 УНИ,TOYOTA Prius,2005
5555 УНК,TOYOTA Land Cruiser 100,2007
5555 УНЛ,MERCEDES BENZ G500,2016
5555 УНМ,TOYOTA Highlander,2011
5555 УНН,MERCEDES BENZ G500,2016
5555 УНО,PORSCHE PANAMERA,2014
5555 УНӨ,TOYOTA Highlander,2010
5555 УНП,HUMMER H2,2009
5555 УНР,NISSAN Rnessa,1999
5555 УНС,MERCEDES BENZ G500,2016
5555 УНТ,MERCEDES BENZ G550,2009
5555 УНУ,LEXUS GX460,2011
5555 УНҮ,JEEP GRANDCHEROKEE,2014
5555 УНЦ,TOYOTA Harrier,2002
5555 УНЧ,MERCEDES BENZ G500,2012
5555 УНЭ,MERCEDES BENZ G63,2016
5555 УНЯ,TOYOTA Harrier,2001
4444 УБА,LEXUS LX470,2006
4444 УББ,TOYOTA Land Cruiser 200,2013
4444 УБВ,LEXUS RX 350,2012
4444 УБГ,MERCEDES BENZ G320,2004
4444 УБД,LEXUS RX 350,2012
4444 УБЕ,LEXUS LX570,2017
4444 УБЗ,NISSAN GTR,2011
4444 УБИ,TOYOTA Camry,2011
4444 УБК,TOYOTA Land Cruiser 200,2014
4444 УБЛ,NISSAN Murano,2005
4444 УБМ,MERCEDES BENZ S400,2015
4444 УБН,TOYOTA Land Cruiser 100,2002
4444 УБО,TOYOTA Land Cruiser 200,2010
4444 УБӨ,MERCEDES BENZ S400,2016
4444 УБП,TOYOTA Camry,2006
4444 УБР,TOYOTA Land Cruiser 200,2015
4444 УБС,NISSAN Patrol,2012
4444 УБТ,MERCEDES BENZ G350,2011
4444 УБУ,LANDROVER RANGEROVER,2011
4444 УБҮ,MERCEDES BENZ G500,2016
4444 УБЦ,LEXUS LX570,2010
4444 УБЧ,HUMMER H2,2008
4444 УБЭ,TOYOTA Land Cruiser 100,2002
4444 УБЯ,TOYOTA RAV4,2007
4444 УНА,LEXUS LX470,2006
4444 УНБ,HYUNDAI PORTER2,2014
4444 УНВ,TOYOTA Prius,2009
4444 УНГ,LEXUS 450D,2015
4444 УНД,MERCEDES BENZ G55,2011
4444 УНЕ,LEXUS LX570,2010
4444 УНЗ,TOYOTA Land Cruiser 200,2013
4444 УНИ,TOYOTA Land Cruiser 200,2016
4444 УНК,KIA FRONTIER,1999
4444 УНЛ,LEXUS LX470,2007
4444 УНМ,TOYOTA Land Cruiser 200,2010
4444 УНН,TOYOTA Crown,2010
4444 УНО,LEXUS LX570,2009
4444 УНӨ,LEXUS LX470,2004
4444 УНП,MERCEDES BENZ G550,2011
4444 УНР,LEXUS LX470,2003
4444 УНС,MERCEDES BENZ CLS350,2013
4444 УНТ,TOYOTA Mark X,2006
4444 УНУ,TOYOTA Prius,2010
4444 УНҮ,MERCEDES BENZ GLK300,2013
4444 УНЦ,LANDROVER RANGEROVER,2015
4444 УНЧ,MERCEDES BENZ S500,2015
4444 УНЭ,NISSAN Patrol,2015
4444 УНЯ,TOYOTA Land Cruiser 80,1996
3333 УБА,TOYOTA Land Cruiser 200,2011
3333 УББ,LANDROVER RANGEROVER,2014
3333 УБВ,TOYOTA Land Cruiser 200,2014
3333 УБГ,SINOTRUK ZZ3257,2012
3333 УБД,TOYOTA Alphard,2015
3333 УБЕ,TOYOTA Land Cruiser 200,2012
3333 УБЗ,TOYOTA Land Cruiser 200,2016
3333 УБИ,TOYOTA Land Cruiser 200,2008
3333 УБК,TOYOTA Land Cruiser 200,2016
3333 УБЛ,LEXUS LX570,2011
3333 УБМ,TOYOTA Harrier,2005
3333 УБН,LEXUS LX570,2010
3333 УБО,LEXUS LX570,2011
3333 УБӨ,MERCEDES BENZ G500,2013
3333 УБП,MERCEDES BENZ S350,2003
3333 УБР,MERCEDES BENZ G500,2010
3333 УБС,LEXUS LX570,2014
3333 УБТ,TOYOTA Kluger,2001
3333 УБУ,MITSUBISHI LANCER,1998
3333 УБҮ,LEXUS LX570,2008
3333 УБЦ,LEXUS LX570,2010
3333 УБЧ,CADILLAC ESCALADE,2007
3333 УБЭ,TOYOTA Land Cruiser 200,2013
3333 УБЯ,PORSCHE BOXSTER,2001
3333 УНА,TOYOTA Harrier,2004
3333 УНБ,FORD F-150,2012
3333 УНВ,LEXUS LX570,2016
3333 УНГ,LEXUS LX570,2017
3333 УНД,VOLKSWAGEN Touareg,2004
3333 УНЕ,TOYOTA Vanguard,2008
3333 УНЗ,TOYOTA Land Cruiser Prado,2016
3333 УНИ,HUMMER H2,2008
3333 УНК,MERCEDES BENZ G500,2013
3333 УНЛ,HYUNDAI Mighty,2008
3333 УНМ,LANDROVER RANGEROVER-EVOQUE,2013
3333 УНН,LEXUS LX570,2008
3333 УНО,LEXUS LX570,2012
3333 УНӨ,LEXUS LX570,2014
3333 УНП,LEXUS LX570,2011
3333 УНР,LEXUS LX570,2017
3333 УНС,TOYOTA Land Cruiser 200,2010
3333 УНТ,LEXUS RX 350,2009
3333 УНУ,LEXUS LX570,2013
3333 УНҮ,TOYOTA Prius,2008
3333 УНЦ,TOYOTA Land Cruiser 200,2010
3333 УНЧ,FORD F-150,2012
3333 УНЭ,INFINITI QX56,2011
3333 УНЯ,NISSAN Patrol,2016
2222 УБА,TOYOTA Land Cruiser 200,2014
2222 УББ,TOYOTA Land Cruiser 200,2017
2222 УБВ,LEXUS LX570,2010
2222 УБГ,TOYOTA Land Cruiser 200,2011
2222 УБД,TOYOTA Land Cruiser 200,2013
2222 УБЕ,LEXUS LX570,2016
2222 УБЗ,FORD F-150,2017
2222 УБИ,TOYOTA Tundra,2007
2222 УБК,HUMMER H3,2006
2222 УБЛ,TOYOTA Prius,2011
2222 УБМ,LEXUS LX570,2008
2222 УБН,TOYOTA Land Cruiser 200,2011
2222 УБО,TOYOTA Land Cruiser 150 Prado,2013
2222 УБӨ,TOYOTA Land Cruiser 200,2015
2222 УБП,TOYOTA Prius,2010
2222 УБР,MERCEDES BENZ G350,2012
2222 УБС,TOYOTA Land Cruiser 100,2006
2222 УБТ,MERCEDES BENZ G500,2017
2222 УБУ,TOYOTA Alphard,2009
2222 УБҮ,LEXUS LX570,2016
2222 УБЦ,TOYOTA Land Cruiser 100,2007
2222 УБЧ,TOYOTA Land Cruiser 150 Prado,2011
2222 УБЭ,LEXUS RX,2004
2222 УБЯ,ISUZU ELF,1991
2222 УНА,MERCEDES BENZ GL450,2007
2222 УНБ,LEXUS LX570,2008
2222 УНВ,MERCEDES BENZ S350,2010
2222 УНГ,LEXUS LX470,2005
2222 УНД,LANDROVER RANGEROVER,2014
2222 УНЕ,INFINITI FX35,2004
2222 УНЗ,MERCEDES BENZ GLA250,2015
2222 УНИ,TOYOTA Land Cruiser 200,2011
2222 УНК,MERCEDES BENZ E200,2016
2222 УНЛ,LEXUS LX570,2016
2222 УНМ,LEXUS LX570,2011
2222 УНН,SUBARU Forester,2011
2222 УНО,CHEVROLET Tahoe,2011
2222 УНӨ,TOYOTA Land Cruiser 200,2010
2222 УНП,TOYOTA Land Cruiser 200,2013
2222 УНР,NISSAN X-Trail,2011
2222 УНС,TOYOTA Harrier,2004
2222 УНТ,MERCEDES BENZ ML350,2012
2222 УНУ,CHEVROLET Tahoe,2010
2222 УНҮ,TOYOTA Land Cruiser 200,2017
2222 УНЦ,TOYOTA Prius,2011
2222 УНЧ,LANDROVER RANGEROVER,2008
2222 УНЭ,TOYOTA Land Cruiser 200,2016
2222 УНЯ,TOYOTA Land Cruiser 200,2010
1111 УБА,TOYOTA Prius,2006
1111 УББ,TOYOTA Land Cruiser 200,2013
1111 УБВ,NISSAN Patrol,2007
1111 УБГ,MERCEDES BENZ G55,2012
1111 УБД,TOYOTA Land Cruiser 200,2015
1111 УБЕ,LEXUS LX470,2006
1111 УБЗ,TOYOTA Land Cruiser 200,2015
1111 УБИ,LANDROVER RANGEROVER,2014
1111 УБК,PORSCHE PANAMERA,2015
1111 УБЛ,BMW 740,2011
1111 УБМ,MAYBACH 57-S,2005
1111 УБН,MERCEDES BENZ S350,2006
1111 УБО,LEXUS LX570,2017
1111 УБӨ,TOYOTA Land Cruiser 150 Prado,2016
1111 УБП,LEXUS LX570,2013
1111 УБР,MERCEDES BENZ SL350,2013
1111 УБС,TOYOTA Alphard,2005
1111 УБТ,LEXUS LX570,2016
1111 УБУ,HUMMER H2,2008
1111 УБҮ,TOYOTA Crown,2001
1111 УБЦ,TOYOTA Land Cruiser 200,2011
1111 УБЧ,LEXUS LX570,2011
1111 УБЭ,TOYOTA Prius,2008
1111 УБЯ,LEXUS LX470,2006
1111 УНА,HUMMER H2,2008
1111 УНБ,LEXUS LX570,2017
1111 УНВ,TOYOTA Camry,2002
1111 УНГ,TOYOTA Land Cruiser 200,2016
1111 УНД,TOYOTA Prius,2005
1111 УНЕ,MERCEDES BENZ G63,2016
1111 УНЗ,TOYOTA Land Cruiser 200,2016
1111 УНИ,LEXUS LX470,2007
1111 УНК,TOYOTA Prius,2011
1111 УНЛ,LEXUS LX570,2011
1111 УНМ,TOYOTA Land Cruiser 200,2014
1111 УНН,LEXUS LX570,2017
1111 УНО,MERCEDES BENZ G500,2012
1111 УНӨ,LEXUS LX570,2010
1111 УНП,ROLLSROYCE PHANTOM,2012
1111 УНР,MERCEDES BENZ G500,2013
1111 УНС,LEXUS LX570,2011
1111 УНТ,HUMMER H2,2008
1111 УНУ,TOYOTA ESTIMA,2008
1111 УНҮ,LEXUS RX,2006
1111 УНЦ,LEXUS LX570,2016
1111 УНЧ,MERCEDES BENZ G500,2016
1111 УНЭ,MERCEDES BENZ G500,2017
1111 УНЯ,JAGUAR XJ,2011